<?xml version="1.0" encoding="UTF-8"?>
<themes>
  <!-- PC Storage GUI's -->
  <theme name="pc-frame" ref="resizableframe">
    <param name="border"><border>20,6,8,0</border></param>
    <theme name="pc-box-button" ref="button">
      <param name="background"><image>ui-button.background</image></param>
      <param name="textAlignment"><enum type="alignment">center</enum></param>
      <param name="border"><border>3,12</border></param>
    </theme>
    <theme name="preview-frame" ref="-defaults">
      <param name="background"><image>label7.background</image></param>
      <param name="border"><border>0,0,0,0</border></param>
      <theme name="label" ref="label" allowWildcard="true">
        <param name="border"><border>4</border></param>
      </theme>
      <theme name="monster-name-label" ref="label" allowWildcard="true">
        <param name="border"><border>0</border></param>
        <param name="textAlignment"><enum type="alignment">center</enum></param>
        <param name="font"><font>noto-bold-large-white</font></param>
      </theme>
      <theme name="label-title" ref="label" allowWildcard="true">
        <param name="border"><border>6,5</border></param>
        <param name=""><image>ui-table-header.*</image></param>
        <param name="textAlignment"><enum type="alignment">center</enum></param>
      </theme>
      <theme name="label-markup" ref="label" allowWildcard="true">
        <param name="font"><font>alphabeta-markup</font></param>
      </theme>
      <theme name="label-hidden-ability" ref="label">
        <param name="font"><font>alphabeta-yellow</font></param>
      </theme>
      <theme name="border-container" ref="label">
        <param name="background"><image>pc-preview.default</image></param>
        <param name="border"><border>0,0,0,0</border></param>
      </theme>
    </theme>

    <theme name="advanced-search-dialog" ref="advanced-search-dialog">
      <param name="border"><border>11,0,0,0</border></param>
    </theme>

    <theme name="label-value-medium3" ref="label">
      <param name="background"><image>ui-inputbox.background</image></param>
      <param name="textAlignment"><enum type="alignment">center</enum></param>
      <param name="border"><border>6</border></param>
      <param name="minWidth"><int>212</int></param>
    </theme>

    <theme name="box-name" ref="label">
      <param name="background"><image>none</image></param>
      <param name="textAlignment"><enum type="alignment">left</enum></param>
      <param name="border"><border>12</border></param>
      <param name="minWidth"><int>212</int></param>
      <param name="font"><font>noto-bold-large-white</font></param>
    </theme>

    <theme name="label-button-small2" ref="button">
      <param name="background"><image>ui-button.background</image></param>
      <param name="minWidth"><int>48</int></param>
      <param name="maxWidth"><int>48</int></param>
    </theme>
    <theme name="label-button-small2-centered" ref="label-button-small2">
      <param name="textAlignment"><enum type="alignment">center</enum></param>
    </theme>

    <theme name="editfield" ref="editfield">
      <param name="textAlignment"><enum type="alignment">RIGHT</enum></param>
      <param name="columns"><int>15</int></param>
    </theme>

    <theme name="container" ref="-defaults">
      <param name="border"><border>0,0,0,545</border></param>
      <theme name="scrollpane" ref="scrollpane" allowWildcard="true">
        <param name="border"><border>3,15,25,10</border></param>
        <param name="minWidth"><int>600</int></param>
        <theme name="dialoglayout" ref="-defaults">
          <param name="defaultGap"><dimension>3,3</dimension></param>
          <param name="smallGap"><dimension>8,8</dimension></param>
          <param name="mediumGap"><dimension>10,10</dimension></param>
          <param name="largeGap"><dimension>15,15</dimension></param>
          <param name="namedGaps"><map/></param>
          <param name="border"><border>0,3,0,0</border></param>
          <theme name="label-battle-box" ref="label" allowWildcard="true">
            <param name="font"><font>alphabeta</font></param>
            <param name="border"><border>6</border></param>
            <param name="textAlignment"><enum type="alignment">LEFT</enum></param>
            <param name="background"><image>label2.background</image></param>
          </theme>
          <theme name="pc-slot" ref="-defaults">
            <param name="background"><image>main-theme-color-image</image></param>
            <param name="minWidth"><int>32</int></param>
            <param name="minHeight"><int>32</int></param>
            <theme name="label-dark" ref="label" allowWildcard="true">
              <param name="font"><font>alphabeta</font></param>
              <param name="border"><border>1,25,0,0</border></param>
              <param name="textAlignment"><enum type="alignment">CENTER</enum></param>
            </theme>
            <theme name="slot-health-progressbar" ref="-defaults" allowWildcard="true">
              <param name=""><image>mi-hpbar-green.*</image></param>
              <param name="border"><border>0</border></param>
              <param name="minWidth"><int>100</int></param>
            </theme>
          </theme>
        </theme>
      </theme>
      <theme name="dialoglayout" ref="-defaults">
        <theme name="pc-slot" ref="-defaults">
          <param name="background"><image>pc-slot.background</image></param>
          <param name="minWidth"><int>32</int></param>
          <param name="minHeight"><int>32</int></param>
          <theme name="label-dark" ref="label" allowWildcard="true">
            <param name="font"><font>alphabeta</font></param>
            <param name="border"><border>1,25,0,0</border></param>
            <param name="textAlignment"><enum type="alignment">CENTER</enum></param>
          </theme>
          <theme name="slot-health-progressbar" ref="-defaults" allowWildcard="true">
            <param name=""><image>mi-hpbar-green.*</image></param>
            <param name="border"><border>0</border></param>
            <param name="minWidth"><int>100</int></param>
          </theme>
        </theme>

        <param name="border"><border>10,8,25,10</border></param>
        <param name="defaultGap"><dimension>5,5</dimension></param>
        <param name="smallGap"><dimension>8,8</dimension></param>
        <param name="mediumGap"><dimension>10,10</dimension></param>
        <param name="largeGap"><dimension>15,15</dimension></param>
        <theme name="editfield" ref="editfield">
          <param name="textAlignment"><enum type="alignment">RIGHT</enum></param>
        </theme>

        <param name="namedGaps"><map/></param>
      </theme>
    </theme>
  </theme>

  <theme name="monster-slot-pc" ref="-defaults">
    <param name="background"><image>ui-button.background</image></param>
    <param name="minWidth"><int>34</int></param>
    <param name="minHeight"><int>34</int></param>
    <theme name="slot-health-progressbar" ref="-defaults" allowWildcard="true">
      <param name=""><image>mi-hpbar-green.*</image></param>
      <param name="border"><border>background.border</border></param>
      <param name="minWidth"><int>100</int></param>
    </theme>
  </theme>

  <theme name="monster-slot-pc-empty" ref="monster-slot-pc">
    
  </theme>

  <theme name="partyslot-shiny" ref="-defaults">
    <param name="background"><image>trade-slot-shiny</image></param>
    <param name="border"><border>8</border></param>
    <param name="defaultGap"><dimension>5,5</dimension></param>
    <param name="smallGap"><dimension>8,8</dimension></param>
    <param name="mediumGap"><dimension>10,10</dimension></param>
    <param name="largeGap"><dimension>15,15</dimension></param>
    <param name="namedGaps"><map/></param>

    <theme name="label" ref="label" allowWildcard="true">
      <param name="font"><font>pb-dark</font></param>
    </theme>
  </theme>

  <!-- PC Select All Button -->
  <theme name="selectall-button" ref="-defaults" allowWildcard="true">
    <param name="font"><font>alphabeta</font></param>
    <param name="border"><border>7,5</border></param>
    <param name="background"><image>icon.select-all</image></param>
    <param name="textAlignment"><enum type="alignment">CENTER</enum></param>
  </theme>

  <!-- PC Unselect All Button -->
  <theme name="unselectall-button" ref="-defaults" allowWildcard="true">
    <param name="font"><font>alphabeta</font></param>
    <param name="border"><border>7,5</border></param>
    <param name="background"><image>icon.select-none</image></param>
    <param name="textAlignment"><enum type="alignment">CENTER</enum></param>
  </theme>

  <theme name="edit-button" ref="-defaults" allowWildcard="true">
    <param name="font"><font>alphabeta</font></param>
    <param name="border"><border>7,5</border></param>
    <param name="background"><image>icon.edit</image></param>
    <param name="textAlignment"><enum type="alignment">CENTER</enum></param>
    <param name="minWidth"><int>16</int></param>
    <param name="maxWidth"><int>16</int></param>
    <param name="minHeight"><int>16</int></param>
    <param name="maxHeight"><int>16</int></param>
  </theme>

  <theme name="hud-spritetoggle" ref="button" allowWildcard="true">
    <param name="background">
      <image>pc-slot-border-while-selected.background</image>
    </param>
  </theme>
</themes>
