<?xml version="1.0" encoding="utf-8"?>
<gameList>
  <game>
    <path>./PokeMMO.sh</path>
    <name>PokeMMO</name>
    <desc>PokeMMO is a fan-made multiplayer online game that brings together multiple generations of Pokémon in a single MMO experience. This port allows you to run the Windows version of PokeMMO using PortMaster-compatible devices.</desc>
    <genre>RPG</genre>
    <image>./PokeMMO/cover.jpg</image>
  </game>
  <game>
    <path>./PokeMMO small.sh</path>
    <name>PokeMMO small</name>
    <desc>PokeMMO is a fan-made multiplayer online game that brings together multiple generations of Pokémon in a single MMO experience. This port allows you to run the Windows version of PokeMMO using PortMaster-compatible devices.</desc>
    <genre>RPG</genre>
    <image>./PokeMMO/cover.jpg</image>
  </game>
</gameList>
