{
  "version": 4,
  "name": "pokemmo.zip",
  "items": [
    "PokeMMO.sh",
    "PokeMMO"
  ],
  "items_opt": [],
  "attr": {
    "title": "PokeMMO",
    "porter": [
      "lowlevel.1989"
    ],
    "desc": "Unofficial port of PokeMMO for PortMaster-compatible devices. PokeMMO is a fan-made multiplayer online game that brings together various Pokémon generations in a single MMO experience.",
    "desc_md": null,
    "inst": "Download the portable version of the PokeMMO client from https://pokemmo.com/en/downloads/portable. Extract the ZIP and copy both the PokeMMO.exe file and the data folder into /roms/ports/PokeMMO. Then, launch the game and use the in-game menu to add the necessary ROMs. The required ROM is Pokémon Black or White (Version 1). Optional content can be unlocked with ROMs for Fire Red, Emerald, Platinum, and HeartGold or SoulSilver.",
    "inst_md": "### 1. Add Official PokeMMO Client Files\n\n- Download the portable version from the official site:  \n  https://pokemmo.com/en/downloads/portable\n\n- Extract the downloaded ZIP and copy the following into:  \n  `/roms/ports/PokeMMO/`\n\n  - `PokeMMO.exe`  \n  - `data/` folder\n\n---\n\n### 2. Add Game ROMs (in-game menu)\n\n- Open the PokeMMO client and locate the ROMs using the in-game prompt.\n\n#### Required ROM:\n- Pokémon Black or White (Version 1)\n\n#### Optional Content ROMs:\n- Fire Red  \n- Emerald  \n- Platinum  \n- HeartGold or SoulSilver",
    "genres": [
      "adventure",
      "rpg"
    ],
    "image": null,
    "rtr": false,
    "exp": false,
    "runtime": [
      "mesa_pkg_0.1.squashfs",
      "weston_pkg_0.2.squashfs",
      "zulu17.54.21-ca-jre17.0.13-linux.squashfs"
    ],
    "store": [],
    "availability": "free",
    "reqs": [],
    "arch": [],
    "min_glibc": ""
  }
}
