{
  "version": 4,
  "name": "pokemmo.zip",
  "items": [
    "PokeMMO.sh",
    "pokemmo"
  ],
  "items_opt": [],
  "attr": {
    "title": "PokeMMO",
    "porter": [
      "lowlevel.1989"
    ],
    "desc": "Unofficial port of PokeMMO for PortMaster-compatible devices. PokeMMO is a fan-made multiplayer online game that brings together various Pokémon generations in a single MMO experience.",
    "desc_md": null,
    "inst": "Download the portable version of the PokeMMO client from https://pokemmo.com/en/downloads/portable. Extract the ZIP and copy both the PokeMMO.exe file and the data folder into /roms/ports/pokemmo.",
    "inst_md": null,
    "genres": [
      "adventure",
      "rpg"
    ],
    "image": null,
    "rtr": false,
    "exp": false,
    "runtime": [
      "mesa_pkg_0.1.squashfs",
      "weston_pkg_0.2.squashfs",
      "zulu17.54.21-ca-jre17.0.13-linux.squashfs"
    ],
    "store": [],
    "availability": "free",
    "reqs": [
      "!lowres"
    ],
    "arch": [],
    "min_glibc": ""
  }
}
